,City,Cloudiness,Country,Date,Humidity,Lat,Lng,Max Temp,Wind Speed
0,Nikolskoye,75,RU,1612026470,93,59.7035,30.7861,-2.0,5.0
1,Korla,0,CN,1612026663,79,41.7597,86.1469,-3.89,2.65
2,San Nicolas,28,PH,1612026684,71,18.1725,120.5953,20.24,4.66
3,Hambantota,90,LK,1612026671,83,6.1241,81.1185,25.65,5.26
4,Chokurdakh,3,RU,1612026613,85,70.6333,147.9167,-33.85,3.18
5,Ponta do Sol,39,PT,1612026465,73,32.6667,-17.1,17.78,1.79
6,Busselton,0,AU,1612026691,63,-33.65,115.3333,20.0,0.89
7,Umarga,3,IN,1612026693,37,17.8333,76.6167,24.02,2.16
8,Ushuaia,20,AR,1612026459,62,-54.8,-68.3,11.0,11.83
9,Narasannapeta,1,IN,1612026696,77,18.4167,84.05,22.53,0.53
10,Vallenar,0,CL,1612026698,18,-28.5708,-70.7581,31.71,5.22
11,Chui,7,UY,1612026494,48,-33.6971,-53.4616,29.3,5.13
12,Tiksi,100,RU,1612026652,86,71.6872,128.8694,-32.42,2.49
13,Saskylakh,35,RU,1612026702,78,71.9167,114.0833,-39.2,3.57
14,Norman Wells,75,CA,1612026704,75,65.282,-126.8329,-33.0,0.76
15,Dikson,29,RU,1612026659,82,73.5069,80.5464,-37.54,4.18
16,Río Cuarto,90,AR,1612026710,94,-33.1307,-64.3499,16.0,7.2
17,Adrar,31,MR,1612026712,13,20.5022,-10.0711,29.11,5.18
18,Egvekinot,0,RU,1612026714,83,66.3167,-179.1667,-31.97,4.3
19,Roshchino,89,RU,1612026715,98,60.2519,29.6085,-2.22,2.97
20,Roald,40,NO,1612026643,75,62.5833,6.1333,1.0,3.6
21,Cape Town,20,ZA,1612026580,47,-33.9258,18.4232,26.0,5.14
22,Vila Franca do Campo,75,PT,1612026616,94,37.7167,-25.4333,18.33,6.69
23,Tasiilaq,75,GL,1612026620,41,65.6145,-37.6368,-9.0,7.72
24,Cidreira,35,BR,1612026640,67,-30.1811,-50.2056,29.59,3.83
25,Paamiut,92,GL,1612026725,87,61.994,-49.6678,-0.47,3.66
26,Hobart,1,AU,1612026607,82,-42.8794,147.3294,11.67,2.06
27,Barrow,90,US,1612026728,77,71.2906,-156.7887,-22.0,4.12
28,Saint Paul Harbor,1,US,1612026730,55,57.79,-152.4072,0.0,11.32
29,Bonthe,23,SL,1612026731,64,7.5264,-12.505,29.38,5.49
30,Severo-Kuril'sk,100,RU,1612026733,96,50.6789,156.125,-4.7,13.25
31,Noril'sk,0,RU,1612026735,70,69.3535,88.2027,-35.34,1.87
32,Tegul'det,0,RU,1612026689,84,57.3064,88.1667,-33.43,0.84
33,Barcelos,40,PT,1612026738,76,41.5388,-8.6151,13.0,4.63
34,Storslett,100,NO,1612026739,89,69.7678,21.0247,-6.11,3.59
35,Mount Gambier,5,AU,1612026741,88,-37.8333,140.7667,13.0,3.09
36,Leningradskiy,82,RU,1612026634,84,69.3833,178.4167,-32.73,0.93
37,Rikitea,74,PF,1612026605,74,-23.1203,-134.9692,26.15,4.83
38,Carnarvon,30,AU,1612026670,65,-24.8667,113.6333,28.0,4.63
39,Albany,0,US,1612026604,50,42.6001,-73.9662,-8.89,1.34
40,Vila Velha,20,BR,1612026749,55,-20.3297,-40.2925,31.0,7.72
41,Jamestown,90,US,1612026518,79,42.097,-79.2353,-3.89,2.19
42,Yulara,90,AU,1612026493,35,-25.2406,130.9889,31.0,7.72
43,Mataura,50,NZ,1612026460,80,-46.1927,168.8643,8.89,3.58
44,Talnakh,0,RU,1612026757,71,69.4865,88.3972,-34.95,2.52
45,Port Elizabeth,0,ZA,1612026550,73,-33.918,25.5701,22.0,5.66
46,Husavik,75,IS,1612026615,63,66.0449,-17.3389,-7.0,3.09
47,Atuona,38,PF,1612026481,77,-9.8,-139.0333,25.8,7.6
48,Verkhnyaya Inta,100,RU,1612026534,87,65.9811,60.3094,-17.28,4.29
49,Mount Isa,90,AU,1612026696,51,-20.7333,139.5,30.0,1.03
50,Yellowknife,40,CA,1612026608,76,62.456,-114.3525,-26.67,2.57
51,Haines Junction,100,CA,1612026617,77,60.7522,-137.5108,-24.0,0.51
52,Tazovsky,82,RU,1612026770,82,67.4667,78.7,-36.34,3.78
53,Thompson,90,CA,1612026212,92,55.7435,-97.8558,-12.0,1.03
54,Nador,0,MA,1612026775,100,35.174,-2.9287,19.0,8.75
55,Bambous Virieux,75,MU,1612026606,83,-20.3428,57.7575,26.67,3.09
56,Grindavik,40,IS,1612026651,74,63.8424,-22.4338,-3.0,9.26
57,High Level,1,CA,1612026779,83,58.5169,-117.136,-29.0,1.03
58,Longyearbyen,20,SJ,1612026722,50,78.2186,15.6401,-19.0,9.77
59,Bambous Virieux,75,MU,1612026606,83,-20.3428,57.7575,26.67,3.09
60,Sitka,75,US,1612026641,60,57.0531,-135.33,3.0,3.09
61,Kalemie,46,CD,1612026786,77,-5.9475,29.1947,23.19,0.92
62,San Patricio,75,US,1612026787,69,28.017,-97.5169,24.0,12.35
63,Taoudenni,0,ML,1612026789,13,22.6783,-3.9836,29.8,4.23
64,Bethel,1,US,1612026791,45,41.3712,-73.414,-5.56,3.6
65,Port Alfred,0,ZA,1612026794,85,-33.5906,26.891,21.11,0.45
66,Angoche,99,MZ,1612026795,80,-16.2325,39.9086,27.22,4.15
67,Elko,75,US,1612026661,83,41.0002,-115.5012,-0.56,0.45
68,Myitkyina,13,MM,1612026644,76,25.3833,97.4,15.16,1.33
69,Puerto Madryn,0,AR,1612026802,43,-42.7692,-65.0385,20.02,6.18
70,Warrnambool,8,AU,1612026547,82,-38.3833,142.4833,12.83,2.69
71,Vao,59,NC,1612026686,80,-22.6667,167.4833,24.44,8.63
72,Christchurch,5,NZ,1612026646,93,-43.5333,172.6333,13.33,2.57
73,Bredasdorp,0,ZA,1612026612,76,-34.5322,20.0403,22.22,1.34
74,Hilo,90,US,1612026811,94,19.7297,-155.09,19.0,2.57
75,Bluff,59,NZ,1612026601,80,-46.6,168.3333,8.89,3.58
76,Puerto Ayora,0,EC,1612026606,70,-0.7393,-90.3518,29.0,6.69
77,Kununurra,100,AU,1612026816,100,-15.7667,128.7333,26.0,2.85
78,Longview,90,US,1612026626,88,32.5007,-94.7405,14.0,6.17
79,São João da Barra,0,BR,1612026819,42,-21.6403,-41.0511,31.0,10.29
80,Makkah al Mukarramah,5,SA,1612026821,36,21.4267,39.8261,21.71,3.58
81,Washington,44,US,1612026546,94,47.5001,-120.5015,1.67,1.24
82,Verkhnevilyuysk,100,RU,1612026826,81,63.4453,120.3167,-40.2,0.99
83,Pekan,20,MY,1612026827,83,3.4836,103.3996,24.0,1.03
84,Kismayo,1,SO,1612026829,75,-0.3582,42.5454,25.17,7.31
85,Mahébourg,75,MU,1612026831,89,-20.4081,57.7,26.0,2.57
86,Champerico,20,GT,1612026672,58,14.3,-91.9167,30.0,4.12
87,Clyde River,1,CA,1612026623,76,70.4692,-68.5914,-29.0,2.64
88,Constitución,90,CL,1612026664,88,-35.3333,-72.4167,17.52,0.99
89,Port Alfred,0,ZA,1612026794,85,-33.5906,26.891,21.11,0.45
90,Ji’an,98,CN,1612026839,65,27.1172,114.9793,10.43,1.35
91,Punta Arenas,40,CL,1612026609,51,-53.15,-70.9167,14.0,12.35
92,Trairi,9,BR,1612026630,57,-3.2778,-39.2689,31.03,7.05
93,Sur,0,OM,1612026843,57,22.5667,59.5289,19.78,4.39
94,Petatlán,40,MX,1612026778,70,17.5167,-101.2667,30.0,2.03
95,Coquimbo,20,CL,1612026772,73,-29.9533,-71.3436,20.0,6.69
96,Arraial do Cabo,0,BR,1612026850,48,-22.9661,-42.0278,34.0,8.75
97,Lata,85,PT,1612026852,86,40.1629,-8.3327,13.33,3.13
98,Nome,1,US,1612026853,77,64.5011,-165.4064,-25.0,3.09
99,Airai,100,TL,1612026855,100,-8.9266,125.4092,16.49,2.24
100,Zaysan,74,KZ,1612026858,86,47.4667,84.8667,-18.21,0.97
101,Kinsale,75,IE,1612026860,81,51.7075,-8.5306,6.11,6.17
102,Upernavik,2,GL,1612026660,86,72.7868,-56.1549,-23.21,3.48
103,Punta Arenas,40,CL,1612026609,51,-53.15,-70.9167,14.0,12.35
104,Hermanus,0,ZA,1612026866,76,-34.4187,19.2345,22.22,1.34
105,Puerto Ayora,0,EC,1612026606,70,-0.7393,-90.3518,29.0,6.69
106,Maragogi,92,BR,1612026869,66,-9.0122,-35.2225,28.75,4.95
107,Gwadar,0,PK,1612026871,63,25.1216,62.3254,20.65,4.13
108,Kaitangata,20,NZ,1612026639,91,-46.2817,169.8464,7.22,1.34
109,Ostrovnoy,100,RU,1612026874,95,68.0531,39.5131,-11.31,5.11
110,Dulce Grande,2,MX,1612026876,29,23.0,-102.1667,21.05,2.18
111,Asheboro,1,US,1612026877,35,35.7079,-79.8136,3.33,2.04
112,Yerbogachën,87,RU,1612026879,80,61.2767,108.0108,-40.51,1.93
113,Punta Arenas,40,CL,1612026609,51,-53.15,-70.9167,14.0,12.35
114,Lloydminster,90,CA,1612026882,85,53.2835,-110.0016,-15.0,2.06
115,Port Elizabeth,0,ZA,1612026550,73,-33.918,25.5701,22.0,5.66
116,Cape Town,20,ZA,1612026580,47,-33.9258,18.4232,26.0,5.14
117,Chumikan,100,RU,1612026655,82,54.7183,135.315,-25.27,9.59
118,Mossamedes,88,AO,1612026888,71,-15.1961,12.1522,24.34,5.44
119,Mount Gambier,5,AU,1612026741,88,-37.8333,140.7667,13.0,3.09
120,Ilulissat,40,GL,1612026606,60,69.2167,-51.1,-16.0,3.6
121,Paita,0,PE,1612026893,45,-5.0892,-81.1144,32.0,5.66
122,Bangolo,21,CI,1612026895,28,7.0069,-7.475,35.23,1.33
123,Narsaq,75,GL,1612026652,30,60.9167,-46.05,5.0,15.95
124,Tataouine,0,TN,1612026900,18,32.9297,10.4518,23.0,5.66
125,Vila Velha,20,BR,1612026749,55,-20.3297,-40.2925,31.0,7.72
126,Abu Kamal,48,SY,1612026904,45,34.4506,40.9171,11.88,3.63
127,Puerto Ayora,0,EC,1612026606,70,-0.7393,-90.3518,29.0,6.69
128,Cam Ranh,20,VN,1612026909,69,11.9214,109.1591,24.0,4.63
129,Alofi,100,NU,1612026660,100,-19.0595,-169.9187,24.0,3.09
130,Cherskiy,5,RU,1612026912,83,68.75,161.3,-37.26,1.7
131,Saint-François,90,FR,1612026694,82,46.4154,3.9054,11.0,1.03
132,Pangnirtung,1,CA,1612026683,77,66.1451,-65.7125,-23.0,1.19
133,San Patricio,75,US,1612026787,69,28.017,-97.5169,24.0,12.35
134,Caravelas,6,BR,1612026918,53,-17.7125,-39.2481,29.45,4.15
135,Mangai,100,CD,1612026920,90,-4.05,19.5333,24.13,1.66
136,Port Alfred,0,ZA,1612026794,85,-33.5906,26.891,21.11,0.45
137,Peniche,69,PT,1612026925,73,39.3558,-9.3811,14.44,6.26
138,Tiznit Province,0,MA,1612026671,53,29.5833,-9.5,17.66,4.13
139,Kapaa,40,US,1612026928,88,22.0752,-159.319,22.0,7.72
140,Puerto Ayora,0,EC,1612026606,70,-0.7393,-90.3518,29.0,6.69
141,Imbituba,0,BR,1612026931,74,-28.24,-48.6703,28.0,4.12
142,Olafsvik,36,IS,1612026933,91,64.8945,-23.7142,-4.71,9.23
143,Bajil,71,YE,1612026935,73,15.0584,43.2851,24.1,2.42
144,Santo Antônio do Içá,1,BR,1612026936,47,-3.1022,-67.9397,33.8,2.3
145,Hong Kong,1,HK,1612026806,77,22.2855,114.1577,16.67,7.54
146,Aklavik,75,CA,1612026694,76,68.2191,-135.0107,-30.0,1.03
147,Salinas,90,US,1612026941,76,36.6777,-121.6555,10.0,6.69
148,Port Lincoln,9,AU,1612026943,81,-34.7333,135.8667,15.35,5.69
149,Aksarka,100,RU,1612026944,85,66.5606,67.7975,-29.87,4.56
150,Port Alfred,0,ZA,1612026794,85,-33.5906,26.891,21.11,0.45
151,Cape Town,20,ZA,1612026580,47,-33.9258,18.4232,26.0,5.14
152,Batagay,90,RU,1612026952,76,67.6333,134.6333,-43.67,0.35
153,Menongue,99,AO,1612026954,85,-14.6585,17.691,21.49,2.12
154,Goderich,100,CA,1612026751,68,43.7501,-81.7165,-3.0,2.57
155,São Filipe,100,CV,1612026957,55,14.8961,-24.4956,24.95,4.81
156,Marawi,99,PH,1612026960,92,7.9986,124.2928,19.19,1.07
157,Soro,5,IN,1612026962,68,21.2881,86.6858,17.59,1.0
158,Khatanga,4,RU,1612026964,77,71.9667,102.5,-42.97,0.71
159,East London,40,ZA,1612026967,78,-33.0153,27.9116,23.0,3.6
160,La Ronge,52,CA,1612026968,85,55.1001,-105.2842,-13.0,0.79
161,Lokoja,0,NG,1612026970,12,7.8024,6.743,37.16,2.12
162,High Level,1,CA,1612026779,83,58.5169,-117.136,-29.0,1.03
163,Ekibastuz,99,KZ,1612026973,91,51.6667,75.3667,-9.4,4.85
164,Mehamn,100,NO,1612026975,97,71.0357,27.8492,-3.31,9.9
165,Punta Arenas,40,CL,1612026609,51,-53.15,-70.9167,14.0,12.35
166,Kavieng,41,PG,1612026978,77,-2.5744,150.7967,27.95,6.41
167,Tres Arroyos,100,AR,1612026980,34,-38.3739,-60.2798,20.44,7.02
168,Torbay,90,CA,1612026981,86,47.6666,-52.7314,-0.56,8.23
169,Vaini,90,TO,1612026983,94,-21.2,-175.2,23.0,2.06
170,Krasnosel'kup,36,RU,1612026986,78,65.7,82.4667,-36.28,3.59
171,Klaksvík,75,FO,1612026989,93,62.2266,-6.589,2.0,1.03
172,Hithadhoo,78,MV,1612026981,75,-0.6,73.0833,28.27,5.9
173,Sundby,20,DK,1612026993,10,54.864,11.793,-0.56,4.65
174,Ushtobe,26,KZ,1612026994,86,45.2514,77.9838,-8.43,2.08
175,Puerto Ayora,0,EC,1612026606,70,-0.7393,-90.3518,29.0,6.69
176,Ribeira Grande,75,PT,1612026997,88,38.5167,-28.7,18.0,7.72
177,New Ross,100,IE,1612026999,96,52.3967,-6.9367,5.0,2.68
178,Sechura,7,PE,1612027001,49,-5.5569,-80.8222,28.71,3.58
179,Katobu,100,ID,1612027004,96,-4.9408,122.5276,23.79,2.48
180,Beringovskiy,100,RU,1612027005,89,63.05,179.3167,-24.92,6.68
181,Shache,0,CN,1612027007,83,38.4167,77.2406,-3.73,2.04
182,LaBelle,75,US,1612027009,49,26.7617,-81.4384,23.0,3.09
183,Samarai,100,PG,1612027010,75,-10.6167,150.6667,28.13,7.33
184,Carora,14,VE,1612027012,31,10.1755,-70.0827,32.43,4.94
185,Mar del Plata,90,AR,1612027013,55,-38.0023,-57.5575,18.0,10.29
186,New Norfolk,7,AU,1612027015,81,-42.7826,147.0587,11.67,1.13
187,Nantucket,20,US,1612026988,68,41.2835,-70.0995,-7.0,6.69
188,Vaitape,67,PF,1612027020,69,-16.5167,-151.75,26.89,0.85
189,Punta Arenas,40,CL,1612026609,51,-53.15,-70.9167,14.0,12.35
190,Vila Franca do Campo,75,PT,1612026616,94,37.7167,-25.4333,18.33,6.69
191,Ternate,100,ID,1612027025,81,0.8,127.4,25.45,4.3
192,Cape Town,20,ZA,1612026580,47,-33.9258,18.4232,26.0,5.14
193,Concepción del Uruguay,100,AR,1612027028,75,-32.4825,-58.2372,24.55,4.45
194,Chingirlau,86,KZ,1612027030,97,51.095,54.0814,-7.64,1.62
195,Ouadda,0,CF,1612027031,21,8.0777,22.4007,27.75,2.64
196,Cabo San Lucas,1,MX,1612026954,60,22.8909,-109.9124,23.0,1.54
197,Codrington,20,AU,1612027036,81,-38.2667,141.9667,13.27,2.11
198,Juneau,75,US,1612026909,86,58.3019,-134.4197,-0.56,2.63
199,Gushi,93,CN,1612027041,51,34.6425,109.5843,5.72,1.42
200,Wooster,20,US,1612026955,63,40.8051,-81.9351,-3.89,5.14
201,Bima,100,ID,1612027044,88,-8.4667,118.7167,24.32,1.25
202,Camargo,2,MX,1612027046,22,27.6667,-105.1667,22.36,9.05
203,Hasaki,20,JP,1612027047,68,35.7333,140.8333,-3.0,1.54
204,New Norfolk,7,AU,1612027015,81,-42.7826,147.0587,11.67,1.13
205,São José da Coroa Grande,93,BR,1612027050,66,-8.8978,-35.1478,28.59,4.76
206,Qaanaaq,99,GL,1612027052,72,77.484,-69.3632,-20.69,0.82
207,Makakilo City,1,US,1612027054,83,21.3469,-158.0858,22.0,1.54
208,Xifeng,59,CN,1612027055,90,42.7372,124.7222,-17.1,1.06
209,Thinadhoo,100,MV,1612027057,78,0.5333,72.9333,27.79,7.27
210,Puerto Ayora,0,EC,1612026606,70,-0.7393,-90.3518,29.0,6.69
211,Tiarei,75,PF,1612027060,69,-17.5333,-149.3333,26.0,2.57
212,Isla Mujeres,40,MX,1612027062,53,21.2311,-86.731,26.0,7.2
213,Esperance,0,AU,1612027063,82,-33.8667,121.9,15.0,5.66
214,Lancaster,1,US,1612027065,37,40.2504,-76.2499,-0.56,4.12
215,Hervey Bay,4,AU,1612027067,84,-25.2986,152.8535,22.22,1.79
216,Lebu,4,CL,1612027068,70,-37.6167,-73.65,16.84,4.17
217,Fairbanks,90,US,1612026920,77,64.8378,-147.7164,-22.0,0.62
218,Faanui,70,PF,1612027071,69,-16.4833,-151.75,26.91,0.83
219,Mount Isa,90,AU,1612026696,51,-20.7333,139.5,30.0,1.03
220,Tuatapere,69,NZ,1612027074,80,-46.1333,167.6833,8.89,3.58
221,Penzance,90,GB,1612027076,93,50.1186,-5.5371,10.0,11.83
222,New Norfolk,7,AU,1612027015,81,-42.7826,147.0587,11.67,1.13
223,Forsytheganj,100,BY,1612027079,98,52.6333,29.7333,-4.99,1.78
224,Ponta do Sol,39,PT,1612026465,73,32.6667,-17.1,17.78,1.79
225,Vanderhoof,100,CA,1612026905,95,54.0166,-124.0198,-11.7,0.83
226,Ponta do Sol,39,PT,1612026465,73,32.6667,-17.1,17.78,1.79
227,Whangamata,0,NZ,1612027086,74,-37.2,175.8667,13.89,1.79
228,Atar,26,MR,1612027087,10,20.5169,-13.0499,31.35,5.92
229,Katherine,97,AU,1612027089,83,-14.4667,132.2667,27.0,2.06
230,Kruisfontein,0,ZA,1612027042,69,-34.0033,24.7314,21.67,3.13
231,Makushino,100,RU,1612027092,95,55.2103,67.2442,-7.82,4.36
232,Mar del Plata,90,AR,1612027013,55,-38.0023,-57.5575,18.0,10.29
233,Butaritari,94,KI,1612027095,78,3.0707,172.7902,27.05,7.62
234,Kimbe,93,PG,1612027099,87,-5.5502,150.1429,25.51,2.1
235,Turukhansk,0,RU,1612027100,76,65.8167,87.9833,-34.98,2.27
236,Königs Wusterhausen,75,DE,1612027102,80,52.3014,13.633,-0.56,1.54
237,Luwuk,100,ID,1612027103,64,-0.9516,122.7875,25.47,2.23
238,Ancud,0,CL,1612027107,48,-41.8697,-73.8203,19.0,3.09
239,Kailua,75,US,1612027108,73,21.4022,-157.7394,23.0,6.69
240,Puerto Ayora,0,EC,1612026606,70,-0.7393,-90.3518,29.0,6.69
241,Aykhal,67,RU,1612027111,79,66.0,111.5,-38.36,4.89
242,Grand Gaube,0,MU,1612027113,80,-20.0064,57.6608,26.11,1.34
243,Powell River,90,CA,1612027115,87,49.8496,-124.5361,6.0,5.14
244,New Norfolk,7,AU,1612027015,81,-42.7826,147.0587,11.67,1.13
245,Yumen,0,CN,1612027118,73,40.2833,97.2,-4.16,10.82
246,Waddān,0,LY,1612027119,26,29.1614,16.139,18.99,2.52
247,Sambava,33,MG,1612027121,78,-14.2667,50.1667,26.58,1.19
248,Mar del Plata,90,AR,1612027013,55,-38.0023,-57.5575,18.0,10.29
249,Hilton Head,1,US,1612026901,58,32.2163,-80.7526,13.89,3.09
250,Huarmey,92,PE,1612027126,60,-10.0681,-78.1522,25.02,5.39
251,Kashan,60,IR,1612027128,45,33.9831,51.4364,10.38,1.82
252,Richards Bay,85,ZA,1612027129,80,-28.783,32.0377,25.44,3.02
253,Lorengau,100,PG,1612027131,81,-2.0226,147.2712,27.72,5.67
254,Zhigansk,96,RU,1612027132,75,66.7697,123.3711,-44.0,1.82
255,Arraial do Cabo,0,BR,1612026850,48,-22.9661,-42.0278,34.0,8.75
256,Wanaka,3,NZ,1612027136,69,-44.7,169.15,8.98,2.07
257,Novoagansk,100,RU,1612027139,85,61.9449,76.6625,-30.18,4.86
258,Beidao,66,CN,1612027140,66,34.5686,105.8933,1.19,0.72
259,Atasū,100,KZ,1612026986,89,48.6814,71.6433,-5.34,5.82
260,Flinders,51,AU,1612027144,86,-34.5833,150.8552,22.22,2.68
261,Nampula,90,MZ,1612027145,95,-15.1165,39.2666,22.47,2.21
262,Yar-Sale,100,RU,1612027147,86,66.8333,70.8333,-31.68,7.09
263,Calama,0,CL,1612027148,11,-22.4667,-68.9333,23.0,6.69
264,Ribeira Grande,75,PT,1612026997,88,38.5167,-28.7,18.0,7.72
265,Scarborough,100,GB,1612027152,75,54.2797,-0.4044,2.78,2.24
266,Mahajanga,40,MG,1612027153,74,-15.7167,46.3167,28.0,6.17
267,Rīngas,0,IN,1612027155,38,27.35,75.5667,13.0,1.93
268,Solnechnyy,100,RU,1612027156,89,50.7214,136.6319,-21.71,1.08
269,Puerto Ayora,0,EC,1612026606,70,-0.7393,-90.3518,29.0,6.69
270,Henties Bay,33,NA,1612027160,83,-22.116,14.2845,20.0,1.34
271,Chake Chake,100,TZ,1612027161,79,-5.2459,39.7666,26.1,5.23
272,Nyagan,100,RU,1612027163,89,62.1406,65.3936,-23.93,3.08
273,Faya,0,SA,1612027165,63,18.3851,42.4509,16.0,2.06
274,Ponta do Sol,39,PT,1612026465,73,32.6667,-17.1,17.78,1.79
275,Ngawen,100,ID,1612027168,92,-7.0032,111.3129,23.7,3.09
276,Hosszúhetény,0,HU,1612027169,87,46.1641,18.3508,9.0,1.15
277,Westport,1,US,1612026910,42,41.1415,-73.3579,-3.89,5.66
278,Cape Town,20,ZA,1612026580,47,-33.9258,18.4232,26.0,5.14
279,Acaraú,74,BR,1612026879,60,-2.8856,-40.12,30.63,8.53
280,Lüderitz,0,NA,1612027176,47,-26.6481,15.1594,23.19,12.65
281,Castro,90,BR,1612027000,86,-24.7911,-50.0119,22.57,2.67
282,Talakan,34,RU,1612027179,83,50.3167,130.3667,-33.89,1.03
283,Cayenne,75,GF,1612027181,89,4.9333,-52.3333,27.0,4.63
284,Punta Arenas,40,CL,1612026609,51,-53.15,-70.9167,14.0,12.35
285,New Norfolk,7,AU,1612027015,81,-42.7826,147.0587,11.67,1.13
286,Jasper,90,US,1612027185,93,37.2001,-94.3502,9.0,5.66
287,Pamplona,40,ES,1612027187,81,42.8169,-1.6432,7.0,0.51
288,Port Victoria,100,KE,1612027190,70,0.0939,33.9756,23.85,4.91
289,Joigny,100,FR,1612027192,86,47.9829,3.401,9.44,0.89
290,Alta Floresta,74,BR,1612027193,86,-9.8756,-56.0861,27.11,1.56
291,Cape Town,20,ZA,1612026580,47,-33.9258,18.4232,26.0,5.14
292,Salalah,20,OM,1612027197,56,17.0151,54.0924,23.0,1.54
293,Saint-Augustin,22,CA,1612027198,93,51.226,-58.6502,-1.34,6.76
294,Mata,99,PT,1612027200,90,40.683,-7.4592,10.0,4.47
295,Palembang,97,ID,1612027202,95,-2.9167,104.7458,23.81,2.0
296,Xihe,39,CN,1612027203,59,31.6864,113.4659,7.78,1.24
297,Puerto Ayora,0,EC,1612026606,70,-0.7393,-90.3518,29.0,6.69
298,Kirgiz-Miyaki,98,RU,1612027206,98,53.6324,54.7979,-3.17,4.56
299,Yeppoon,21,AU,1612027208,78,-23.1333,150.7333,24.0,3.09
300,Canutama,69,BR,1612027210,61,-6.5339,-64.3831,31.48,1.88
301,Tuktoyaktuk,40,CA,1612027211,67,69.4541,-133.0374,-38.0,1.54
302,San Jorge,100,AR,1612027207,86,-31.8962,-61.8598,19.44,5.02
303,Ereymentau,100,KZ,1612027219,87,51.6199,73.1033,-6.51,4.05
304,Ambilobe,80,MG,1612027171,90,-13.2,49.05,24.4,0.63
305,Luanda,20,AO,1612027080,62,-8.8368,13.2343,30.0,4.12
306,Ambon City,40,ID,1612027224,89,-3.6954,128.1814,26.0,1.54
307,Port Alfred,0,ZA,1612026794,85,-33.5906,26.891,21.11,0.45
308,Puerto Ayora,0,EC,1612026606,70,-0.7393,-90.3518,29.0,6.69
309,Zhuji,92,CN,1612027229,76,29.7188,120.2423,10.0,1.0
310,Fortuna,90,US,1612027231,71,40.5982,-124.1573,10.56,10.29
311,North Platte,90,US,1612027029,80,41.1239,-100.7654,-3.0,4.63
312,Chateaubelair,20,VC,1612027234,69,13.2833,-61.25,28.0,4.12
313,East London,40,ZA,1612026967,78,-33.0153,27.9116,23.0,3.6
314,Chimbote,73,PE,1612027239,57,-9.0853,-78.5783,25.57,5.15
315,Los Llanos de Aridane,75,ES,1612027240,72,28.6585,-17.9182,19.0,7.2
316,Souillac,75,MU,1612027242,89,-20.5167,57.5167,26.0,2.57
317,Srednekolymsk,65,RU,1612027243,81,67.45,153.6833,-40.39,0.97
318,San Patricio,75,US,1612026787,69,28.017,-97.5169,24.0,12.35
319,Jutaí,34,BR,1612027247,52,-5.1833,-68.9,32.34,1.87
320,Esik,20,KZ,1612027248,86,43.3552,77.4525,-8.0,3.0
321,New Norfolk,7,AU,1612027015,81,-42.7826,147.0587,11.67,1.13
322,Riyadh,0,SA,1612027251,29,24.6877,46.7219,17.0,3.6
323,Bosaso,0,SO,1612027253,73,11.2842,49.1816,23.15,2.82
324,São Filipe,100,CV,1612026957,55,14.8961,-24.4956,24.95,4.81
325,Dunedin,25,NZ,1612027256,81,-45.8742,170.5036,12.22,2.24
326,Half Moon Bay,90,US,1612027258,87,37.4636,-122.4286,10.56,2.73
327,Cartagena,40,CO,1612027033,62,10.3997,-75.5144,31.0,5.14
328,Vila Franca do Campo,75,PT,1612026616,94,37.7167,-25.4333,18.33,6.69
329,Saldanha,0,ZA,1612027266,81,-33.0117,17.9442,19.61,6.03
330,Punta Arenas,40,CL,1612026609,51,-53.15,-70.9167,14.0,12.35
331,Punta Arenas,40,CL,1612026609,51,-53.15,-70.9167,14.0,12.35
332,Teahupoo,75,PF,1612027271,69,-17.8333,-149.2667,26.0,2.57
333,San Luis,93,AR,1612027272,55,-33.295,-66.3356,21.16,5.33
334,Iqaluit,20,CA,1612027274,70,63.7506,-68.5145,-22.78,7.2
335,Monterey,51,US,1612027275,1,36.2505,-121.2516,7.22,1.34
336,Provideniya,61,RU,1612027277,83,64.3833,-173.3,-24.27,3.06
337,Murwillumbah,90,AU,1612027263,100,-28.3167,153.4,22.22,2.06
338,Alyangula,40,AU,1612027280,94,-13.8483,136.4192,27.0,6.69
339,Prome,100,MM,1612027282,33,18.8167,95.2167,20.37,0.2
340,Broken Hill,81,AU,1612027284,43,-31.95,141.4333,22.0,5.66
341,Pangody,100,RU,1612027285,83,65.85,74.4859,-32.32,6.79
342,Almeirim,36,BR,1612027287,61,-1.5233,-52.5817,30.84,2.73
343,Punta Arenas,40,CL,1612026609,51,-53.15,-70.9167,14.0,12.35
344,Brønnøysund,75,NO,1612027290,74,65.4625,12.1997,-4.0,3.09
345,Kharhiāl,0,IN,1612027292,35,20.2833,82.7667,18.22,0.66
346,Uvarovo,90,RU,1612027293,97,51.9849,42.2615,-5.85,3.55
347,Puerto Ayora,0,EC,1612026606,70,-0.7393,-90.3518,29.0,6.69
348,Puerto Ayora,0,EC,1612026606,70,-0.7393,-90.3518,29.0,6.69
349,Siparia,37,TT,1612027298,83,10.1333,-61.5,27.22,0.45
350,São João da Barra,0,BR,1612026819,42,-21.6403,-41.0511,31.0,10.29
351,Koindu,5,GN,1612027301,24,8.4386,-10.3253,34.5,1.98
352,Ponta do Sol,39,PT,1612027303,73,32.6667,-17.1,17.78,2.24
353,Mar del Plata,90,AR,1612027013,55,-38.0023,-57.5575,18.0,10.29
354,Mar del Plata,90,AR,1612027013,55,-38.0023,-57.5575,18.0,10.29
355,Cape Town,20,ZA,1612026580,47,-33.9258,18.4232,26.0,5.14
356,Hokitika,0,NZ,1612027309,86,-42.7167,170.9667,10.66,1.92
357,Teya,8,RU,1612027311,76,60.3778,92.6267,-39.71,0.63
358,Turaif,0,SA,1612027280,76,31.6725,38.6637,9.0,2.06
359,Yamada,4,JP,1612027314,89,39.4667,141.95,-3.89,2.72
360,Nehe,19,CN,1612027316,87,48.4833,124.8333,-26.82,2.39
361,Erdenet,50,MN,1612027319,89,49.0333,104.0833,-12.43,5.57
362,Port-Cartier,34,CA,1612027320,52,50.0334,-66.8654,-7.78,3.09
363,Indian Head,1,US,1612027322,37,38.6001,-77.1622,1.11,2.57
364,La Tuque,34,CA,1612027324,66,47.4334,-72.7824,-16.0,2.57
365,Cape Town,20,ZA,1612027277,60,-33.9258,18.4232,24.44,5.66
366,Sujangarh,0,IN,1612027327,27,27.7011,74.4649,15.83,2.59
367,La Asuncion,83,VE,1612027329,72,11.0333,-63.8628,26.8,5.07
368,Haines Junction,100,CA,1612026617,77,60.7522,-137.5108,-24.0,0.51
369,Askarovo,90,RU,1612027332,86,53.3372,58.5089,-9.0,2.0
370,Haines Junction,100,CA,1612026617,77,60.7522,-137.5108,-24.0,0.51
371,Rawson,0,AR,1612027337,40,-43.3002,-65.1023,19.01,6.99
372,Miles City,90,US,1612027338,86,46.4083,-105.8406,-3.0,3.6
373,Bridlington,100,GB,1612027335,79,54.0831,-0.1919,2.78,2.68
374,Todos Santos,2,MX,1612027341,76,23.45,-110.2167,20.56,0.89
375,Oyama,20,JP,1612027343,74,36.3,139.8,6.11,1.03
376,Crawfordsville,40,US,1612027345,59,40.0411,-86.8745,1.0,7.72
377,Mogadishu,22,SO,1612027151,76,2.0371,45.3438,24.94,9.88
378,Ahipara,0,NZ,1612027348,79,-35.1667,173.1667,12.9,2.21
379,Pisco,0,PE,1612027349,78,-13.7,-76.2167,25.0,5.14
380,Mama,63,RU,1612027351,73,58.3106,112.8986,-35.31,0.62
381,Lewisville,75,US,1612027353,88,33.0462,-96.9942,18.89,10.8
382,Hohhot,0,CN,1612027354,72,40.8106,111.6522,-13.0,3.0
383,Anloga,20,GH,1612027356,74,5.7947,0.8973,30.0,4.12
384,George Town,20,MY,1612027357,83,5.4112,100.3354,27.78,1.08
385,Ferme-Neuve,58,CA,1612027359,61,46.7001,-75.4493,-14.0,2.06
386,Arraial do Cabo,0,BR,1612026850,48,-22.9661,-42.0278,34.0,8.75
387,São João da Barra,0,BR,1612026819,42,-21.6403,-41.0511,31.0,10.29
388,Mar del Plata,90,AR,1612027013,55,-38.0023,-57.5575,18.0,10.29
389,Vostok,100,RU,1612027365,88,46.4856,135.8833,-28.2,1.62
390,Toledo,82,ES,1612027122,56,39.8333,-4.0,12.22,13.28
391,Monte Alegre,18,BR,1612027369,53,-2.0078,-54.0692,32.43,2.55
392,Verkhnyaya Toyma,100,RU,1612027370,97,62.2349,44.9985,-5.3,3.36
393,Broken Hill,81,AU,1612027284,43,-31.95,141.4333,22.0,5.66
394,Punta Arenas,40,CL,1612026609,51,-53.15,-70.9167,14.0,12.35
395,East London,40,ZA,1612026967,78,-33.0153,27.9116,23.0,3.6
396,Saint-Pierre,0,RE,1612027377,65,-21.3393,55.4781,27.0,4.12
397,Toowoomba,35,AU,1612027378,88,-27.55,151.9667,18.33,3.09
398,Yantal',10,RU,1612027380,77,56.8471,105.2542,-38.84,2.02
399,Port Elizabeth,0,ZA,1612027330,78,-33.918,25.5701,21.0,4.63
400,Monterrey,75,MX,1612027190,52,25.6667,-100.3167,27.78,2.06
401,Punta Arenas,40,CL,1612026609,51,-53.15,-70.9167,14.0,12.35
402,Gamba,95,GA,1612027361,83,-2.65,10.0,26.69,4.65
403,Puerto Ayora,0,EC,1612026606,70,-0.7393,-90.3518,29.0,6.69
404,New Norfolk,7,AU,1612027015,81,-42.7826,147.0587,11.67,1.13
405,Laas,0,IT,1612027393,80,46.6166,10.7002,4.44,2.06
406,Flin Flon,90,CA,1612027325,92,54.7682,-101.865,-11.0,1.03
407,Dothan,1,US,1612027282,47,31.2232,-85.3905,14.44,5.14
408,Punta Arenas,40,CL,1612026609,51,-53.15,-70.9167,14.0,12.35
409,Seoul,33,KR,1612027399,93,37.5683,126.9778,-4.0,0.51
410,Cabo San Lucas,1,MX,1612026954,60,22.8909,-109.9124,23.0,1.54
411,Bayeux,40,BR,1612027402,58,-7.125,-34.9322,31.0,6.69
412,San Patricio,75,US,1612027404,69,28.017,-97.5169,24.0,12.35
413,Monte Aprazível,40,BR,1612027406,29,-20.7725,-49.7142,33.0,2.57
414,Puerto Ayora,0,EC,1612026606,70,-0.7393,-90.3518,29.0,6.69
415,Port Macquarie,29,AU,1612027410,99,-31.4333,152.9167,21.11,3.86
416,Haukipudas,40,FI,1612027412,86,65.1765,25.3523,-9.0,2.57
417,San Jose,75,US,1612027414,76,37.3394,-121.895,9.44,1.68
418,Aitape,100,PG,1612027415,82,-3.1374,142.3475,26.28,3.53
419,Buala,94,SB,1612027417,84,-8.145,159.5921,27.1,6.24
420,Ismailia,0,EG,1612027151,34,30.6043,32.2723,16.09,4.76
421,Pauini,48,BR,1612027423,64,-7.7136,-66.9764,31.57,1.53
422,Umm Kaddadah,0,SD,1612027424,21,13.6017,26.6876,21.17,5.81
423,Zyryanskoye,0,RU,1612027195,84,56.8306,86.6258,-33.54,1.37
424,Puerto Ayora,0,EC,1612027427,70,-0.7393,-90.3518,29.0,6.69
425,Bambous Virieux,75,MU,1612027140,89,-20.3428,57.7575,26.11,2.57
426,Pirenópolis,75,BR,1612027431,45,-15.8525,-48.9592,29.0,2.57
427,Punta Arenas,40,CL,1612026609,51,-53.15,-70.9167,14.0,12.35
428,Dayong,0,CN,1612027434,82,25.0209,118.2898,13.0,1.0
429,Bilibino,2,RU,1612027437,80,68.0546,166.4372,-32.61,2.37
430,Villarrica,85,PY,1612027439,70,-25.75,-56.4333,29.18,4.98
431,Punta Arenas,40,CL,1612026609,51,-53.15,-70.9167,14.0,12.35
432,Jumla,0,NP,1612027188,68,29.2747,82.1838,-0.35,1.34
433,Sonoita,0,MX,1612027443,62,31.85,-112.8333,11.67,2.81
434,New Norfolk,7,AU,1612027015,81,-42.7826,147.0587,11.67,1.13
435,Eenhana,100,NA,1612027447,74,-17.4667,16.3333,27.0,2.06
436,Rocha,80,UY,1612027448,38,-34.4833,-54.3333,29.28,6.97
437,Pitimbu,40,BR,1612027450,58,-7.4706,-34.8086,31.0,6.69
438,Galveston,90,US,1612027452,77,29.3669,-94.9669,20.56,8.23
439,Cape Town,20,ZA,1612027277,60,-33.9258,18.4232,24.44,5.66
440,Eilat,0,IL,1612027455,39,29.5581,34.9482,18.0,0.77
441,Wasilla,1,US,1612027456,85,61.5814,-149.4394,-9.44,0.21
442,Žemaičių Naumiestis,78,LT,1612027458,95,55.3592,21.7022,-3.9,3.68
443,Saint George,1,US,1612027277,93,37.1041,-113.5841,4.44,0.87
444,Punta Arenas,40,CL,1612027463,51,-53.15,-70.9167,14.0,12.35
445,Weligama,100,LK,1612027466,86,5.9667,80.4167,25.19,0.86
446,Bengkulu,100,ID,1612027318,88,-3.8004,102.2655,24.34,3.1
447,Punta Arenas,40,CL,1612027463,51,-53.15,-70.9167,14.0,12.35
448,Eydhafushi,42,MV,1612027471,70,5.1033,73.0708,27.46,4.52
449,Ewo,100,CG,1612027472,81,-0.8725,14.8206,23.95,1.61
450,Punta Arenas,40,CL,1612027463,51,-53.15,-70.9167,14.0,12.35
451,Rio Grande,75,BR,1612027220,74,-32.035,-52.0986,29.0,5.14
452,Ponta Delgada,40,PT,1612027472,94,37.7333,-25.6667,18.33,7.2
453,Punta Arenas,40,CL,1612027463,51,-53.15,-70.9167,14.0,12.35
454,Wenling,44,CN,1612027482,81,28.3669,121.36,10.0,1.51
455,Port Elizabeth,0,ZA,1612027330,78,-33.918,25.5701,21.0,4.63
456,Svalyava,90,UA,1612027487,93,48.5485,22.9958,5.0,3.0
457,San Matías,52,BO,1612027488,48,-16.3667,-58.4,33.06,4.62
458,Makhachkala,90,RU,1612027490,93,42.9764,47.5024,4.0,1.0
459,Fort Nelson,40,CA,1612027492,76,58.8053,-122.7002,-31.0,0.5
460,Punta Arenas,40,CL,1612027463,51,-53.15,-70.9167,14.0,12.35
461,Punta Arenas,40,CL,1612027463,51,-53.15,-70.9167,14.0,12.35
462,Cape Town,20,ZA,1612027277,60,-33.9258,18.4232,24.44,5.66
463,Muroto-misakicho,1,JP,1612027498,62,33.2833,134.15,8.29,4.57
464,East London,40,ZA,1612026967,78,-33.0153,27.9116,23.0,3.6
465,Warrington,20,GB,1612027501,70,53.3925,-2.5802,4.44,9.77
466,Kenai,1,US,1612027488,85,60.5544,-151.2583,-8.89,1.54
467,Esfarāyen,40,IR,1612027504,42,37.0765,57.5101,7.0,2.76
468,Bandarbeyla,0,SO,1612027506,71,9.4942,50.8122,23.9,6.43
469,Cap-Chat,100,CA,1612027508,79,49.1001,-66.6821,-11.0,8.23
470,Entre Rios,97,BR,1612027509,59,-11.9419,-38.0844,29.1,3.81
471,Richards Bay,85,ZA,1612027129,80,-28.783,32.0377,25.44,3.02
472,Ca Mau,91,VN,1612027513,81,9.1769,105.15,23.49,2.19
473,Abéché,0,TD,1612027514,16,13.8292,20.8324,27.59,4.38
474,Mount Gambier,5,AU,1612027378,87,-37.8333,140.7667,12.0,2.57
475,Lavrentiya,0,RU,1612027517,83,65.5833,-171.0,-28.47,3.01
476,Trofors,75,NO,1612027519,74,65.5333,13.4063,-4.0,3.09
477,Punta Arenas,40,CL,1612027463,51,-53.15,-70.9167,14.0,12.35
478,Dudinka,0,RU,1612027522,75,69.4058,86.1778,-37.36,2.28
479,Kaeo,0,NZ,1612027338,89,-35.1,173.7833,13.33,1.34
480,Mar del Plata,90,AR,1612027013,55,-38.0023,-57.5575,18.0,10.29
481,Nanortalik,100,GL,1612027331,77,60.1432,-45.2371,2.29,7.48
482,Te Anau,54,NZ,1612027529,86,-45.4167,167.7167,6.13,0.71
483,Laguna,90,US,1612027482,87,38.421,-121.4238,9.44,1.54
484,Carbonia,40,IT,1612027532,88,39.1672,8.5222,15.56,3.6
485,Sistranda,90,NO,1612027533,93,63.7256,8.834,0.0,7.2
486,Punta Arenas,40,CL,1612027463,51,-53.15,-70.9167,14.0,12.35
487,East London,40,ZA,1612026967,78,-33.0153,27.9116,23.0,3.6
488,East London,40,ZA,1612026967,78,-33.0153,27.9116,23.0,3.6
489,Buraidah,0,SA,1612027506,54,26.326,43.975,14.0,2.06
490,San Pedro del Paraná,75,PY,1612027541,54,-26.8333,-56.2,32.0,4.12
491,Punta Arenas,40,CL,1612027463,51,-53.15,-70.9167,14.0,12.35
492,Ribeira Grande,75,PT,1612026997,88,38.5167,-28.7,18.0,7.72
493,Esmeralda,20,CU,1612027546,41,21.8525,-78.1169,26.0,8.75
494,Province of Trapani,40,IT,1612027548,94,37.8333,12.6667,14.0,4.12
495,Bambous Virieux,75,MU,1612027140,89,-20.3428,57.7575,26.11,2.57
496,Caborca,0,MX,1612027551,79,30.5838,-111.101,11.67,0.89
497,Amapá,88,BR,1612027553,90,1.0,-52.0,26.74,2.02
498,Avera,1,US,1612027556,40,33.194,-82.5271,10.0,4.12
499,Baruun-Urt,82,MN,1612027557,93,46.6806,113.2792,-18.25,1.94
500,Ulaangom,7,MN,1612027559,82,49.9811,92.0667,-18.1,0.46
501,Port Hardy,90,CA,1612027561,93,50.6996,-127.4199,5.0,2.06
502,Ponta do Sol,39,PT,1612027303,73,32.6667,-17.1,17.78,2.24
503,Arraial do Cabo,0,BR,1612027564,48,-22.9661,-42.0278,34.0,8.75
504,Lompoc,1,US,1612027411,93,34.6391,-120.4579,8.89,2.06
505,Contamana,96,PE,1612027569,95,-7.3333,-75.0167,24.13,1.12
506,Nowogard,90,PL,1612027570,74,53.6744,15.1163,-1.11,3.09
507,Chapais,90,CA,1612027574,71,49.7834,-74.8492,-19.0,2.57
508,Moose Factory,90,CA,1612027575,78,51.2585,-80.6094,-18.0,2.06
509,Umm Kaddadah,0,SD,1612027424,21,13.6017,26.6876,21.17,5.81
510,Batagay-Alyta,100,RU,1612027578,81,67.8006,130.4114,-35.64,0.63
511,Tezu,29,IN,1612027550,52,27.9167,96.1667,14.63,1.75
512,Tautira,75,PF,1612027582,69,-17.7333,-149.15,26.0,2.57
513,Santa Marta,18,CO,1612027583,45,11.2408,-74.199,35.0,0.89
514,Larsnes,99,NO,1612027585,90,62.2028,5.5773,0.56,2.68
515,Tomatlán,0,MX,1612027586,25,19.9333,-105.25,33.1,1.91
516,Ucluelet,90,CA,1612027293,81,48.9329,-125.5528,6.0,6.17
517,Port Alfred,0,ZA,1612027590,87,-33.5906,26.891,20.56,1.85
518,New Norfolk,7,AU,1612027015,81,-42.7826,147.0587,11.67,1.13
519,New Norfolk,7,AU,1612027015,81,-42.7826,147.0587,11.67,1.13
520,East London,40,ZA,1612027594,78,-33.0153,27.9116,23.0,3.6
521,Namatanai,93,PG,1612027596,80,-3.6667,152.4333,27.03,5.44
522,Aasiaat,34,GL,1612027598,85,68.7098,-52.8699,-18.39,2.45
523,Ribeira Grande,75,PT,1612027599,88,38.5167,-28.7,18.0,7.72
524,Abu Samrah,91,SY,1612027601,69,35.3029,37.1841,10.04,5.22
525,Comodoro Rivadavia,20,AR,1612027602,45,-45.8667,-67.5,18.0,3.09
526,Clyde River,1,CA,1612027604,83,70.4692,-68.5914,-28.0,2.06
527,Puerto Ayora,0,EC,1612027427,70,-0.7393,-90.3518,29.0,6.69
528,Lukulu,73,ZM,1612027607,74,-14.3707,23.242,23.59,0.82
529,Neiafu,75,TO,1612027609,94,-18.65,-173.9833,26.0,4.12
530,College,90,US,1612027610,77,64.8569,-147.8028,-22.0,0.54
531,Katsuura,20,JP,1612027398,70,35.1333,140.3,5.0,2.57
532,Ishigaki,78,JP,1612027614,57,24.3448,124.1572,19.01,6.51
533,Marystown,100,CA,1612027615,92,47.1666,-55.1483,-0.82,5.41
534,East London,40,ZA,1612027594,78,-33.0153,27.9116,23.0,3.6
535,Leshukonskoye,100,RU,1612027618,97,64.8989,45.7622,-6.65,3.39
536,Njombe,100,TZ,1612027620,95,-9.3333,34.7667,15.42,1.57
537,Ishinomaki,56,JP,1612027622,95,38.4167,141.3,-0.01,2.72
538,Punta Arenas,40,CL,1612027463,51,-53.15,-70.9167,14.0,12.35
539,Vanimo,100,PG,1612027625,84,-2.6741,141.3028,25.66,2.86
540,Dalvik,75,IS,1612027626,63,65.9702,-18.5286,-7.0,3.09
541,Punta Arenas,40,CL,1612027463,51,-53.15,-70.9167,14.0,12.35
542,Killybegs,75,IE,1612027630,75,54.6333,-8.45,5.0,7.2
543,Cape Town,20,ZA,1612027277,60,-33.9258,18.4232,24.44,5.66
544,Glenwood Springs,90,US,1612027633,86,39.5505,-107.3248,1.11,3.6
545,Vadinsk,70,RU,1612027634,97,53.6916,43.0574,-6.69,5.55
546,Queimadas,90,BR,1612027636,34,-10.9783,-39.6264,33.92,4.32
547,Kathu,20,TH,1612027480,83,7.9178,98.3332,25.0,1.03
548,Nhulunbuy,75,AU,1612027518,94,-12.2333,136.7667,26.0,3.09
549,Gorontalo,79,ID,1612027542,88,0.5412,123.0595,23.25,1.61
550,Touros,40,BR,1612027427,55,-5.1989,-35.4608,31.0,6.17
551,Suntar,100,RU,1612027646,80,62.1444,117.6319,-39.53,1.16
552,Padang,100,ID,1612027647,72,-0.9492,100.3543,25.63,2.2
553,Kysyl-Syr,89,RU,1612027649,76,63.8986,122.7617,-45.2,1.56
554,Cockburn Town,39,TC,1612027650,66,21.4612,-71.1419,22.42,7.81
555,Graben-Neudorf,100,DE,1612027652,53,49.167,8.4924,6.67,2.67
556,Port Alfred,0,ZA,1612027590,87,-33.5906,26.891,20.56,1.85
557,Nizwá,0,OM,1612027655,40,22.9333,57.5333,16.82,0.49
558,San Quintín,3,MX,1612027657,55,30.4833,-115.95,14.35,1.82
559,Rabo de Peixe,40,PT,1612027658,94,37.8,-25.5833,18.33,7.2
560,Inongo,89,CD,1612027660,87,-1.95,18.2667,24.88,2.15
561,Kudahuvadhoo,43,MV,1612027662,76,2.6708,72.8944,27.38,5.35
562,Avarua,98,CK,1612027487,94,-21.2078,-159.775,25.0,0.51
563,Ondjiva,75,AO,1612027665,78,-17.0667,15.7333,24.0,4.12
564,Port Blair,1,IN,1612027666,80,11.6667,92.75,26.49,3.64
565,Banda Aceh,48,ID,1612027519,83,5.5577,95.3222,25.26,4.77
566,New Norfolk,7,AU,1612027671,67,-42.7826,147.0587,11.67,1.13
567,Comodoro Rivadavia,20,AR,1612027602,45,-45.8667,-67.5,18.0,3.09
568,Saint-Philippe,0,RE,1612027675,65,-21.3585,55.7679,27.0,4.12
569,Vila Franca do Campo,40,PT,1612027676,94,37.7167,-25.4333,18.33,7.2
570,Punta Arenas,40,CL,1612027463,51,-53.15,-70.9167,14.0,12.35
571,Kahului,40,US,1612027679,94,20.8947,-156.47,20.0,5.14
572,Punta Arenas,40,CL,1612027463,51,-53.15,-70.9167,14.0,12.35
573,Francistown,20,BW,1612027445,57,-21.17,27.5079,28.0,3.6
574,Norman Wells,75,CA,1612027499,68,65.282,-126.8329,-33.0,1.03
575,Pokhara,0,NP,1612027687,49,28.2333,83.9833,9.16,1.64
576,Punta Arenas,40,CL,1612027463,51,-53.15,-70.9167,14.0,12.35
577,Punta Arenas,40,CL,1612027463,51,-53.15,-70.9167,14.0,12.35
578,Managua,20,NI,1612027517,54,12.1328,-86.2504,29.0,8.23
579,Buta,81,CD,1612027694,30,2.7858,24.73,27.16,0.8
580,Toda Raisingh,0,IN,1612027695,38,26.0252,75.4849,11.83,1.49
581,Semenivka,100,UA,1612027697,98,52.1783,32.5818,-3.9,3.29
582,Cody,75,US,1612027675,75,44.5263,-109.0565,1.11,4.12
583,Guerrero Negro,0,MX,1612027521,54,27.9769,-114.0611,16.19,5.41
584,Soto la Marina,3,MX,1612027702,65,23.7667,-98.2167,26.67,6.26
585,Tocopilla,7,CL,1612027703,47,-22.092,-70.1979,23.61,3.02
586,Haines Junction,100,CA,1612027705,77,60.7522,-137.5108,-24.0,0.51
587,Kathmandu,20,NP,1612027706,70,27.7167,85.3167,7.0,1.03
588,Kupino,99,RU,1612027708,95,54.3663,77.2981,-15.3,4.35
589,Punta Arenas,40,CL,1612027463,51,-53.15,-70.9167,14.0,12.35
590,Akhtubinsk,68,RU,1612027711,95,48.2795,46.1722,-0.08,3.94
591,Taltal,9,CL,1612027562,55,-25.4,-70.4833,22.05,2.2
592,Mar del Plata,90,AR,1612027715,55,-38.0023,-57.5575,18.0,10.29
593,Price,20,US,1612027716,100,39.5994,-110.8107,-4.0,2.06
594,Punta Arenas,40,CL,1612027463,51,-53.15,-70.9167,14.0,12.35
595,Morón,90,AR,1612027650,88,-34.6534,-58.6198,19.0,6.17
596,Abong Mbang,93,CM,1612027723,41,3.9833,13.1833,28.48,1.75
597,San Antonio,40,US,1612027479,73,29.4241,-98.4936,20.0,2.57
598,Nautla,99,MX,1612027726,72,20.2167,-96.7833,22.29,2.0
599,Klyuchi,40,RU,1612027727,95,52.2667,79.1667,-13.29,2.89
600,Pincher Creek,1,CA,1612027729,80,49.4833,-113.952,0.0,3.09
601,Poum,65,NC,1612027732,77,-20.2333,164.0167,25.6,7.15
602,Xaxim,100,BR,1612027734,81,-26.9617,-52.5347,22.05,2.67
603,Tarko-Sale,100,RU,1612027736,83,64.9225,77.785,-34.12,4.49
604,Norman Wells,75,CA,1612027499,68,65.282,-126.8329,-33.0,1.03
605,Ulladulla,90,AU,1612027739,100,-35.35,150.4667,19.44,5.14
606,Santa Luzia,75,BR,1612027741,45,-19.7697,-43.8514,30.0,3.09
607,Georgiyevka,80,KZ,1612027742,79,43.0369,74.7114,-7.0,2.0
608,Richards Bay,85,ZA,1612027528,80,-28.783,32.0377,25.44,3.02
609,Santa Cecília,99,BR,1612027745,73,-26.9608,-50.4269,22.97,1.6
610,Wajid,5,SO,1612027747,18,3.8093,43.2471,28.07,6.26
611,Punta Arenas,40,CL,1612027463,51,-53.15,-70.9167,14.0,12.35
612,Port-Gentil,20,GA,1612027750,74,-0.7193,8.7815,29.0,4.12
613,Tolaga Bay,64,NZ,1612027752,82,-38.3667,178.3,13.66,4.72
614,Vila Velha,20,BR,1612027528,55,-20.3297,-40.2925,31.0,7.72
615,Kingston,20,JM,1612027726,54,17.997,-76.7936,30.0,3.6
616,New Norfolk,7,AU,1612027671,67,-42.7826,147.0587,11.67,1.13
617,Bambous Virieux,75,MU,1612027140,89,-20.3428,57.7575,26.11,2.57
618,New Norfolk,7,AU,1612027671,67,-42.7826,147.0587,11.67,1.13
619,Camacha,75,PT,1612027763,100,33.0833,-16.3333,17.0,4.63
620,East London,40,ZA,1612027594,78,-33.0153,27.9116,23.0,3.6
621,Deputatsky,97,RU,1612027766,86,69.3,139.9,-35.75,0.83
622,Lhokseumawe,41,ID,1612027768,84,5.1801,97.1507,24.84,1.95
623,Puerto Ayora,0,EC,1612027427,70,-0.7393,-90.3518,29.0,6.69
624,Flin Flon,90,CA,1612027325,92,54.7682,-101.865,-11.0,1.03
625,Black River,40,JM,1612027774,69,18.0264,-77.8487,29.44,12.35
626,Ribeirão Branco,63,BR,1612027776,56,-24.2208,-48.7656,27.31,3.3
627,Pinos,1,MX,1612027777,39,22.3,-101.5667,18.0,3.6
628,Punta Arenas,40,CL,1612027463,51,-53.15,-70.9167,14.0,12.35
629,New Norfolk,7,AU,1612027671,67,-42.7826,147.0587,11.67,1.13
630,Norman Wells,75,CA,1612027499,68,65.282,-126.8329,-33.0,1.03
631,Passo de Camaragibe,75,BR,1612027784,70,-9.2368,-35.4901,29.0,5.66
632,Cape Town,20,ZA,1612027277,60,-33.9258,18.4232,24.44,5.66
633,Sehwan,0,PK,1612027787,58,26.4279,67.863,15.0,3.09
634,Punta Arenas,40,CL,1612027463,51,-53.15,-70.9167,14.0,12.35
635,Polson,89,US,1612027790,40,47.6936,-114.1632,0.0,1.34
636,Gouré,7,NE,1612027792,12,13.9835,10.2704,25.56,1.79
637,Río Tercero,100,AR,1612027793,84,-32.173,-64.1141,17.78,1.79
638,Punta Arenas,40,CL,1612027463,51,-53.15,-70.9167,14.0,12.35
639,Punta Arenas,40,CL,1612027463,51,-53.15,-70.9167,14.0,12.35
640,Vila Franca do Campo,40,PT,1612027676,94,37.7167,-25.4333,18.33,7.2
641,Necochea,100,AR,1612027801,47,-38.5473,-58.7368,20.56,6.71
642,Kuril'sk,100,RU,1612027803,95,45.2333,147.8833,-6.9,8.15
643,Mil'kovo,100,RU,1612027806,95,54.7167,158.6167,-10.99,6.14
644,Thohoyandou,54,ZA,1612027808,86,-22.9456,30.485,22.92,1.17
645,Usta Muhammad,0,PK,1612027809,31,28.1794,68.0445,13.38,1.33
646,Cabo San Lucas,1,MX,1612027706,60,22.8909,-109.9124,23.33,1.54
647,Nyurba,100,RU,1612027814,81,63.2842,118.3319,-38.33,1.38
648,Boffa,0,GN,1612027816,58,10.1667,-14.0333,28.49,4.92
649,Burnie,26,AU,1612027818,79,-41.0667,145.9167,11.67,7.15
650,Punta Arenas,40,CL,1612027463,51,-53.15,-70.9167,14.0,12.35
651,Tecolutla,75,MX,1612027821,83,20.4833,-97.0167,22.0,2.57
652,Mar del Plata,90,AR,1612027715,55,-38.0023,-57.5575,18.0,10.29
653,Verāval,0,IN,1612027825,47,20.9,70.3667,20.37,3.21
654,Cape Town,20,ZA,1612027277,60,-33.9258,18.4232,24.44,5.66
655,Hualmay,76,PE,1612027828,63,-11.0964,-77.6139,24.58,5.1
656,Isangel,6,VU,1612027830,78,-19.55,169.2667,24.56,4.55
657,Nawalgarh,0,IN,1612027831,35,27.85,75.2667,12.07,1.97
658,Acapulco de Juárez,75,MX,1612027833,43,16.8634,-99.8901,32.0,1.54
659,Anori,77,BR,1612027834,56,-3.7728,-61.6442,32.07,2.38
660,Arraial do Cabo,0,BR,1612027564,48,-22.9661,-42.0278,34.0,8.75
661,Prince Rupert,40,CA,1612027838,80,54.3161,-130.3201,4.0,3.6
662,Sinnamary,92,GF,1612027839,86,5.3833,-52.95,26.66,6.7
663,Norman Wells,75,CA,1612027499,68,65.282,-126.8329,-33.0,1.03
664,Nouadhibou,69,MR,1612027843,19,20.931,-17.0347,31.0,5.66
665,Jackson,40,US,1612027779,81,42.4165,-122.8345,5.0,2.06
666,Morehead,90,US,1612027846,52,37.2711,-87.1764,6.67,2.57
667,Kantunilkín,40,MX,1612027848,53,21.0917,-87.45,26.0,7.2
668,Geraldton,0,AU,1612027849,25,-28.7667,114.6,30.0,5.14
669,La Macarena,41,CO,1612027851,34,2.1837,-73.7849,33.92,3.46
670,Pedernales,8,DO,1612027853,59,18.0384,-71.744,27.1,3.44
671,Inuvik,100,CA,1612027856,75,68.3499,-133.7218,-34.0,0.51
672,Port Alfred,0,ZA,1612027590,87,-33.5906,26.891,20.56,1.85
673,Arica,0,CL,1612027859,57,-18.475,-70.3042,24.0,6.17
674,Novopavlovka,100,RU,1612027861,92,51.2172,109.2091,-15.38,1.64
675,Betong,11,TH,1612027863,93,5.7743,101.0723,19.34,1.15
676,Båtsfjord,75,NO,1612027865,86,70.6345,29.7185,-1.0,10.8
677,Bundaberg,7,AU,1612027866,88,-24.85,152.35,22.22,2.57
678,Galle,100,LK,1612027868,85,6.0367,80.217,25.35,0.79
679,Ribeira Grande,75,PT,1612027599,88,38.5167,-28.7,18.0,7.72
680,Cockburn Town,39,TC,1612027650,66,21.4612,-71.1419,22.42,7.81
681,Dingle,99,PH,1612027873,90,10.9995,122.6711,21.99,4.69
682,Tombouctou,20,ML,1612027875,17,20.0,-3.0,23.87,3.77
683,Polovinnoye,100,RU,1612027876,96,54.7914,65.9864,-8.53,3.66
684,Puerto Ayora,0,EC,1612027427,70,-0.7393,-90.3518,29.0,6.69
685,Øksfjord,75,NO,1612027880,85,70.2396,22.3479,-3.0,1.54
686,Havøysund,75,NO,1612027881,93,70.9963,24.6622,-3.0,9.77
687,Kang,61,BW,1612027883,60,-23.6752,22.7876,24.89,2.39
688,Oban,23,GB,1612027884,81,56.4127,-5.4706,0.0,3.29
689,The Pas,90,CA,1612027888,86,53.8251,-101.2541,-9.0,0.1
690,Al Bardīyah,10,LY,1612027889,46,31.7561,25.0865,18.57,8.42
691,Cape Town,20,ZA,1612027277,60,-33.9258,18.4232,24.44,5.66
692,Huai'an,97,CN,1612027892,63,33.5886,119.0192,7.25,2.3
693,Arraial do Cabo,0,BR,1612027564,48,-22.9661,-42.0278,34.0,8.75
694,Chokwé,41,MZ,1612027897,74,-24.5333,32.9833,26.99,3.97
695,Punta Arenas,40,CL,1612027463,51,-53.15,-70.9167,14.0,12.35
696,Shagonar,0,RU,1612027902,82,51.5333,92.8,-14.89,1.21
697,Barra Patuca,43,HN,1612027904,70,15.8,-84.2833,27.1,5.11
698,The Pas,90,CA,1612027888,86,53.8251,-101.2541,-9.0,0.1
699,Zelenoborskiy,100,RU,1612027908,96,66.845,32.3622,-11.11,2.28
700,Kulhudhuffushi,84,MV,1612027910,67,6.6221,73.07,27.74,3.69
701,Jijiga,0,ET,1612027912,43,9.35,42.8,17.02,4.42
702,Chicama,0,PE,1612027913,73,-7.8447,-79.1469,23.0,5.66
703,Manga,0,BF,1612027915,13,11.6636,-1.0731,30.25,2.8
704,Port Alfred,0,ZA,1612027590,87,-33.5906,26.891,20.56,1.85
705,Bangkal,95,PH,1612027920,86,6.0667,121.0667,25.26,3.03
706,Hamilton,90,US,1612027775,51,39.1834,-84.5333,1.11,4.12
707,Ponta do Sol,40,PT,1612027923,74,32.6667,-17.1,17.22,1.79
708,Rincon,75,US,1612027690,44,32.296,-81.2354,13.33,6.17
709,Piaçabuçu,94,BR,1612027926,66,-10.4056,-36.4344,28.49,5.35
710,Hefei,0,CN,1612027928,46,31.8639,117.2808,10.0,1.0
711,Ribeira Grande,75,PT,1612027599,88,38.5167,-28.7,18.0,7.72
712,Nelson Bay,9,AU,1612027933,100,-32.7167,152.15,20.56,0.51
713,Liku,100,ID,1612027934,81,-0.7275,119.8922,23.12,0.95
714,Bontang,100,ID,1612027936,90,0.1333,117.5,23.96,3.13
715,Santa Isabel Rio Negro,47,BR,1612027937,47,-0.4139,-65.0192,33.55,3.09
716,Mount Isa,90,AU,1612027856,51,-20.7333,139.5,30.0,1.03
717,Ribeira Grande,75,PT,1612027599,88,38.5167,-28.7,18.0,7.72
718,Bambous Virieux,75,MU,1612027140,89,-20.3428,57.7575,26.11,2.57
719,Tugulym,0,RU,1612027944,79,57.0591,64.6425,-7.0,5.0
720,Punta Arenas,40,CL,1612027463,51,-53.15,-70.9167,14.0,12.35
721,Saint George,1,US,1612038645,75,37.1041,-113.5841,9.44,0.26
722,Manacapuru,75,BR,1612038752,94,-3.2997,-60.6206,26.0,3.6
723,Shingū,2,JP,1612038529,74,33.7333,135.9833,5.71,3.65
724,Mumford,0,GH,1612038755,85,5.2618,-0.759,26.73,4.83
725,Eskil,100,TR,1612038757,96,38.4017,33.4131,2.6,7.31
726,Hobyo,7,SO,1612038758,78,5.3505,48.5268,24.17,6.76
727,Lamar,90,US,1612038760,77,33.6668,-95.5836,20.0,7.72
728,Somerset East,15,ZA,1612038762,79,-32.7217,25.588,16.71,4.11
729,Sobolevo,99,RU,1612038763,98,54.4299,31.8996,-8.29,2.85
